id,Satisfaction,SurroundingSatisfaction,Thirsty
Ciríaco_Duilio_Rosales_Soriano,0,0,false
Lola_Gutierrez,0,0,false
Ainara_Manuel,0,0,false
Víctor_Gerardo_Ochoa_Palomo,0,0,false
Elías_Vara_Bermejo,0,0,false
Eugenio_Villalonga_Calderon,0,0,false
Purificación_Contreras_Ledesma,0,0,false
Nacho_Pereira_Bellido,0,0,false
Candelario_Montes,0,0,false
Abraham_de_Toledo,0,0,false
Maite_Evita_Campo_Gordillo,0,0,false
Casandra_Casado_Somoza,0,0,false
Raquel_Valencia_Taboada,0,0,false
Nilda_del_Rocha,0,0,false
Eva_María_Garriga-Pol,0,0,false
Pío_Bayón_Larrañaga,0,0,false
Elodia_Mármol_Navarrete,0,0,false
Verónica_Ortuño,0,0,false
Rico_Hoyos_Mate,0,0,false
Rolando_de_Lucena,0,0,false
Pelayo_de_Beltran,0,0,false
Juliana_Pareja_Escribano,0,0,false
Violeta_Zorrilla_Bayón,0,0,false
Regina_Asenjo_Rodríguez,0,0,false
Guillermo_Vergara,0,0,false
Faustino_Borja_Cepeda,0,0,false
Amílcar_Redondo_Huerta,0,0,false
Samuel_Eliseo_Serrano_Cáceres,0,0,false
Alfredo_Esparza_Rebollo,0,0,false
Simón_Fabra,0,0,false
Mar_Tormo_Ayllón,0,0,false
Mirta_Alegria-Elorza,0,0,false
Amando_Abril,0,0,false
Celso_del_Rocamora,0,0,false
María_Jesús_Pelayo_Fabra,0,0,false
Cecilio_Lastra_Blanes,0,0,false
Valentín_Pavón_Agudo,0,0,false
Encarnacion_Castell_Requena,0,0,false
Fernanda_Sanz_Perea,0,0,false
Feliciana_Landa_Nebot,0,0,false
Heriberto_Juan_Bautista_Ríos_Saldaña,0,0,false
Cruz_Quintero_Peral,0,0,false
Hernando_Noé_Gallart_Tolosa,0,0,false
Emigdio_Herrero_Comas,0,0,false
Damián_Balaguer_Benitez,0,0,false
Filomena_Elorza_Mercader,0,0,false
Nicolás_de_Ferrero,0,0,false
Consuelo_Cornejo_Galán,0,0,false
Evangelina_de_Bosch,0,0,false
José_Aguado_Montoya,0,0,false
Raimundo_Beltran_Figueras,0,0,false
Quirino_de_Amor,0,0,false
Alfredo_Girón_Oliva,0,0,false
Felix_Vizcaíno,0,0,false
Aureliano_del_Costa,0,0,false
Julián_Cuenca_Aller,0,0,false
Casandra_Santamaría_Rodríguez,0,0,false
Poncio_Gaya_Palacio,0,0,false
Ramona_Goñi_Orozco,0,0,false
Imelda_Gutiérrez_Maza,0,0,false
Amílcar_del_Fajardo,0,0,false
Tecla_Soler_Tirado,0,0,false
Candelario_Segarra-Gascón,0,0,false
Daniela_del_Pizarro,0,0,false
Georgina_Godoy_Pujol,0,0,false
Calixta_Palmer_Paredes,0,0,false
Yéssica_Aragón_Carrasco,0,0,false
Sergio_Elías_Mesa,0,0,false
Amanda_Girona-Acosta,0,0,false
Etelvina_Fuentes_Salgado,0,0,false
Delia_Garriga-Guitart,0,0,false
Ana_Sofía_Paz_Barrio,0,0,false
Constanza_Leticia_Sosa_Palomo,0,0,false
Laura_Gabaldón-Jaume,0,0,false
Flora_Ibáñez_Sierra,0,0,false
Juan_Luis_Guerrero_Perelló,0,0,false
Heliodoro_Echevarría-Cuesta,0,0,false
Heraclio_Campo_Marin,0,0,false
Trinidad_Hoz_Ureña,0,0,false
Darío_Zaragoza_Roma,0,0,false
Lilia_Alberdi_Robles,0,0,false
Leocadio_Francisco_Morcillo,0,0,false
Odalis_Nicolás_Sandoval,0,0,false
Martina_Cornejo_Llano,0,0,false
Anna_Evelia_Pla_Miró,0,0,false
Rico_Ciriaco_Vicente_Iriarte,0,0,false
Alondra_Pedro_Torrent,0,0,false
Borja_Rocha-Pastor,0,0,false
Lidia_Carrión-Castillo,0,0,false
Valentina_Jáuregui_Vizcaíno,0,0,false
Natalia_de_Galvez,0,0,false
Fulgencio_Quintanilla_Ponce,0,0,false
Javier_Morcillo_Mora,0,0,false
Germán_Osorio,0,0,false
Esteban_Arco-Bou,0,0,false
Elena_Almeida_Castañeda,0,0,false
Salud_Salud_Domingo_Ferrández,0,0,false
Raquel_Barrena_Aramburu,0,0,false
Adelina_Peiró-Báez,0,0,false
Felicia_de_Montaña,0,0,false
Toribio_de_Nuñez,0,0,false
Hortensia_Peñalver_Moraleda,0,0,false
Plácido_Dávila_Pera,0,0,false
Ligia_Mayoral-Escrivá,0,0,false
Dorotea_Rivas_Mendoza,0,0,false
Perla_Guitart_Cardona,0,0,false
Jacinto_Vázquez_Criado,0,0,false
María_José_Quero_Bernat,0,0,false
Eladio_Ureña_Prada,0,0,false
Urbano_León_Girón,0,0,false
Eugenio_Linares_Zaragoza,0,0,false
Eleuterio_de_Carretero,0,0,false
Salomé_del_Batlle,0,0,false
María_Pilar_Verdejo_Zabaleta,0,0,false
Inés_Natividad_Ibarra_Acedo,0,0,false
Marita_Hervás-Almansa,0,0,false
Miguel_Mora_Carranza,0,0,false
Tania_Cañellas-Andrade,0,0,false
Domitila_Garay_Ayala,0,0,false
Leyre_Vega_Soriano,0,0,false
Simón_Martínez,0,0,false
Palmira_Alsina-Iniesta,0,0,false
Pepita_Aliaga_Marin,0,0,false
Victor_Manuel_Hervás_Salas,0,0,false
Eladio_Pizarro-Lobo,0,0,false
Ángeles_Azucena_Agudo_Bernat,0,0,false
Vicenta_Dueñas-Escamilla,0,0,false
María_Belén_Bustos_Martínez,0,0,false
Joan_Infante_Vallés,0,0,false
Daniel_del_Cepeda,0,0,false
Maxi_Peláez_Godoy,0,0,false
Calixto_Ribera-Barón,0,0,false
Alma_Arnal_Carretero,0,0,false
Azeneth_del_Bernat,0,0,false
Gabriel_Gibert_Hernandez,0,0,false
Ismael_del_Cañas,0,0,false
Toño_Escobar-Vilalta,0,0,false
Maribel_Saldaña_Vazquez,0,0,false
Nayara_Niño_Barrena,0,0,false
Cayetano_Severiano_Porras_Pereira,0,0,false
Abril_de_Sanchez,0,0,false
Arturo_de_Gutiérrez,0,0,false
Rosalina_Silva,0,0,false
Angelina_Jáuregui_Cuéllar,0,0,false
Luis_Ángel_Matías_Priego_Armas,0,0,false
Leonel_del_Tomás,0,0,false
Rosenda_del_Giralt,0,0,false
Marciano_Morell_Cózar,0,0,false
Fortunata_Donaire_Macias,0,0,false
Amaro_Rosell_Saura,0,0,false
Yéssica_Gracia_Portillo,0,0,false
Andrea_Duran_Acosta,0,0,false
César_Gomila_Diez,0,0,false
Ainara_Sanz_Coca,0,0,false
Bibiana_de_Almeida,0,0,false
Eliseo_Lluch_Raya,0,0,false
María_Cristina_de_Izquierdo,0,0,false
Ileana_Cordero-Conesa,0,0,false
Julieta_Benet,0,0,false
Cloe_Lladó,0,0,false
Rafael_Guijarro_Novoa,0,0,false
Javier_Sola_Castilla,0,0,false
Nacho_Fabregat_Agullo,0,0,false
Evangelina_Hoyos_Jimenez,0,0,false
Fanny_Duran_Tamayo,0,0,false
Epifanio_Oller-Vergara,0,0,false
Cayetana_Trini_Vilar_Nicolás,0,0,false
Tere_Bosch_Pinilla,0,0,false
Inocencio_Carlos,0,0,false
Antonia_del_Salvador,0,0,false
Reina_Páez,0,0,false
Pastor_Maldonado_Belmonte,0,0,false
Maristela_Campos_Gabaldón,0,0,false
Candela_Villalba_Vendrell,0,0,false
Eliana_Manzanares-Saldaña,0,0,false
Celia_Genoveva_Pi_Llopis,0,0,false
Paco_del_Reyes,0,0,false
Eric_Román_Valbuena,0,0,false
Alejandra_Cuesta_Cáceres,0,0,false
Azucena_Herrero-Castrillo,0,0,false
Octavia_Alcázar_Calatayud,0,0,false
Calisto_Fausto_Villalonga_Saldaña,0,0,false
Felicidad_Urrutia,0,0,false
Paula_Querol_Nadal,0,0,false
Marisol_Anglada_Manzanares,0,0,false
Edmundo_Robles_Báez,0,0,false
Ariel_Ferreras_Manuel,0,0,false
Macario_Vallejo_Sanjuan,0,0,false
Zoraida_Perera_Quesada,0,0,false
Rosaura_Pedrero_Cepeda,0,0,false
Ceferino_Morell_Arellano,0,0,false
Matías_Hervás-Gallego,0,0,false
Gema_Segovia_Cerdá,0,0,false
Mohamed_Nicolau_Chaves,0,0,false
Asdrubal_Ochoa-Solano,0,0,false
Victor_Manuel_Elías_Palomares_Díaz,0,0,false
Adelina_de_Arrieta,0,0,false
Constanza_Aranda_Marti,0,0,false
Emilio_Carretero_Barros,0,0,false
Francisco_Cantero_Arnaiz,0,0,false
Tadeo_Guardiola-Leon,0,0,false
Adelia_Estrella_Campoy_Manzanares,0,0,false
Serafina_Palacios_Crespo,0,0,false
Inmaculada_Sánchez_Alfonso,0,0,false
Elvira_Andrés_Haro,0,0,false
Inmaculada_de_Quintero,0,0,false
Ágata_Estevez_Mena,0,0,false
Fernanda_Seguí_Burgos,0,0,false
Toño_Herranz_Iborra,0,0,false
Eusebia_Busquets_Amores,0,0,false
Ruperta_Lerma,0,0,false
Sarita_Crespo_Mariño,0,0,false
Florentina_Chico_Ródenas,0,0,false
María_Cristina_Luna,0,0,false
Bienvenida_Cañete,0,0,false
Chelo_Sacristán,0,0,false
Estrella_Espada_Carbó,0,0,false
Jordana_Querol_Yuste,0,0,false
Mercedes_de_Ferrández,0,0,false
Quirino_Bartolomé_León_Morales,0,0,false
Laura_Cid_Asensio,0,0,false
Pascual_Tello,0,0,false
Judith_del_Pedraza,0,0,false
Pepe_Dávila_Caro,0,0,false
Hector_Tapia_Porta,0,0,false
Marc_Beltrán_Valero,0,0,false
Odalys_Guzman,0,0,false
Candelaria_Torre_Buendía,0,0,false
Isidora_Lledó_Alegria,0,0,false
Rosalina_Taboada_Viñas,0,0,false
Tiburcio_Cuervo_Garrido,0,0,false
Gloria_Carina_Planas_Galván,0,0,false
Fabián_Fiol_Piña,0,0,false
Ascensión_Madrid_Garay,0,0,false
Carmelita_Carro_Franch,0,0,false
Juan_Antonio_Figueras,0,0,false
Florencia_de_Herranz,0,0,false
Fausto_Antón_Escribano,0,0,false
Margarita_Rivas_Huertas,0,0,false
Maxi_de_Bárcena,0,0,false
Norberto_Medina-Amores,0,0,false
Salud_Iglesia_Bernad,0,0,false
Epifanio_Quintana_Jove,0,0,false
Alfredo_Lucena,0,0,false
Ramiro_Nebot_Jover,0,0,false
Rita_Heredia_Perera,0,0,false
Claudia_Arteaga_Sureda,0,0,false
Román_Borja_Arrieta,0,0,false
María_Jesús_Pol_Caparrós,0,0,false
Ceferino_Rivera_Tello,0,0,false
Gabino_del_Pellicer,0,0,false
Primitiva_Robles_Pombo,0,0,false
Javiera_Loreto_Priego_Vives,0,0,false
Elena_Gámez_Arnal,0,0,false
Olga_Rovira_Puente,0,0,false
Ale_de_Coello,0,0,false
Natividad_Andres_Matas,0,0,false
Belen_María_Fernanda_Osuna_Busquets,0,0,false
Mar_Torrecilla_Castellanos,0,0,false
Delfina_del_Prada,0,0,false
Josefina_Agudo_Polo,0,0,false
Balduino_Manrique_Criado,0,0,false
Aura_de_Morell,0,0,false
Victor_Manuel_del_Cánovas,0,0,false
Laura_Pera_Arcos,0,0,false
Poncio_Flores_Calzada,0,0,false
Albina_Amor_Alegria,0,0,false
Eustaquio_Manuel_Vilaplana,0,0,false
Hermenegildo_Coca_Navas,0,0,false
Andrés_Saez_Taboada,0,0,false
Leandra_Pi_Cánovas,0,0,false
Alejo_de_Gracia,0,0,false
Maximiliano_Cañellas_Canet,0,0,false
Manolo_Parejo_Becerra,0,0,false
Eladio_María_Delgado_Morante,0,0,false
Débora_Llopis_Ribes,0,0,false
María_Teresa_Alarcón,0,0,false
Feliciano_del_Mayol,0,0,false
Eufemia_Infante_Alvarez,0,0,false
Julián_Arana-Muro,0,0,false
Ignacio_Andreu_Garcia,0,0,false
Tomasa_Marín_Carlos,0,0,false
Lola_Fabregat_Olivera,0,0,false
Rufina_Suárez_Valverde,0,0,false
Almudena_Verdú_Mur,0,0,false
Agustina_Alfonso_Alonso,0,0,false
Florencio_Niño_Vallejo,0,0,false
Carmen_Gras_Calvet,0,0,false
León_del_Nuñez,0,0,false
Roberta_Cortes_Asensio,0,0,false
Carmelo_del_Palomo,0,0,false
Ámbar_Escalona,0,0,false
Samanta_Tapia-Pombo,0,0,false
Chus_Cañas_Cifuentes,0,0,false
Bibiana_Madrid-Carmona,0,0,false
Chema_Báez_Maestre,0,0,false
Carmen_Mascaró_Gibert,0,0,false
Rico_de_Córdoba,0,0,false
Tito_Viña_Hervás,0,0,false
María_Teresa_Sureda-Domingo,0,0,false
Guillermo_Reyes_Colomer,0,0,false
Flora_Valle_Folch,0,0,false
Mauricio_Llobet,0,0,false
Paz_Sola,0,0,false
Sandra_Valero-Adadia,0,0,false
Casandra_Fonseca_Bayón,0,0,false
Ricarda_Cañete,0,0,false
Noemí_Tejera,0,0,false
Carmela_Iñiguez_Andres,0,0,false
Fidela_Alberola_Mir,0,0,false
Hernán_de_Dominguez,0,0,false
Gracia_Pedrero_Alemany,0,0,false
José_Mari_Nebot-Miró,0,0,false
Espiridión_Nacio_Pinilla_Castelló,0,0,false
Jesús_Font-Ibáñez,0,0,false
Ágata_de_Priego,0,0,false
Víctor_Castells_Rebollo,0,0,false
Angelita_Sanchez-Melero,0,0,false
Esperanza_Ochoa_Muro,0,0,false
Clara_Arnaiz_Coello,0,0,false
Vanesa_Lago_Lladó,0,0,false
Azahara_Hernando_Solís,0,0,false
Venceslás_Jódar,0,0,false
Marciano_Roman-Corominas,0,0,false
Curro_Pombo,0,0,false
Felipa_del_Pardo,0,0,false
Che_Comas-Mesa,0,0,false
Teobaldo_Benavides_Machado,0,0,false
Juan_Luis_de_Carvajal,0,0,false
Aroa_Franco-Huerta,0,0,false
Chita_Girona_Garcia,0,0,false
Aarón_Robles,0,0,false
Tere_Castilla_Valenzuela,0,0,false
Raúl_Catalán,0,0,false
Eligio_Bellido_Amo,0,0,false
Evaristo_Arce,0,0,false
Eloísa_Galván_Villa,0,0,false
Nicolasa_Acevedo,0,0,false
Ricardo_Román_Campos_Hernando,0,0,false
Otilia_Chaves,0,0,false
Jenaro_Salvà_Arce,0,0,false
Julio_Jover_Segovia,0,0,false
Dora_Lorenzo_Pi,0,0,false
Rodolfo_Robles-Barbero,0,0,false
Juan_Carlos_Ortiz_Cañas,0,0,false
Anastasio_Martínez_Villanueva,0,0,false
Josefina_Perales-Domingo,0,0,false
Julieta_Carla_Moles_Solano,0,0,false
Mauricio_Ariño_Gilabert,0,0,false
Humberto_Sureda-Ferrándiz,0,0,false
Aristides_Redondo,0,0,false
Moreno_Patiño_Ugarte,0,0,false
Haroldo_Cañizares,0,0,false
Ruy_Rosales,0,0,false
Heliodoro_Almagro_Sala,0,0,false
Josefina_del_Chaparro,0,0,false
Liliana_Nogués-Leal,0,0,false
Evangelina_Gámez,0,0,false
Gloria_Patiño_Carrera,0,0,false
Emigdio_Exposito,0,0,false
Ulises_Pi_Alcalde,0,0,false
Herminio_Ojeda_Cadenas,0,0,false
Mireia_Echeverría_Tejedor,0,0,false
Francisca_Cepeda_Martínez,0,0,false
Casandra_Segovia_Arjona,0,0,false
Pilar_de_Plaza,0,0,false
Lorenzo_Reina_Román,0,0,false
Violeta_Hortensia_Alcalde_Sola,0,0,false
Gaspar_Barrera_Tejada,0,0,false
Alberto_Mora_Alcolea,0,0,false
Cándido_Catalán_Calzada,0,0,false
Héctor_del_Abellán,0,0,false
Eligia_Ros_Cid,0,0,false
Ciro_Calatayud_Salazar,0,0,false
Damián_Valdés_Casanova,0,0,false
Yolanda_de_Solsona,0,0,false
Amor_de_Cadenas,0,0,false
Reyna_Emma_Enríquez_Riquelme,0,0,false
Julián_Barberá_Bauzà,0,0,false
Begoña_Marin_Pujadas,0,0,false
Alejo_Solís_Morera,0,0,false
Cesar_Donoso-Escudero,0,0,false
Cipriano_Chuy_Castells_Marín,0,0,false
Cruz_Felipe_Gual_Clemente,0,0,false
Palmira_Reguera_Sierra,0,0,false
Felicidad_Reyes_Solana_Conde,0,0,false
Fausto_Peral_Nuñez,0,0,false
Sergio_Hernán_Palomares_Cáceres,0,0,false
Lucía_Rocamora,0,0,false
Carmen_Gordillo_Exposito,0,0,false
Roque_Uribe_Ortiz,0,0,false
Patricio_Cuevas_Elías,0,0,false
Demetrio_Ramiro_Garmendia_Ferrández,0,0,false
Anna_Posada_Valero,0,0,false
Porfirio_Ponce_Roldán,0,0,false
Víctor_Cayetano_Montalbán_Iniesta,0,0,false
Marco_Aragón,0,0,false
Rómulo_del_Revilla,0,0,false
Anselma_Godoy_Maestre,0,0,false
Vilma_Brunilda_Gárate_Vergara,0,0,false
Jerónimo_Ferrándiz_Conde,0,0,false
Ascensión_Herminia_Uriarte_Carlos,0,0,false
Gil_Gámez_Lerma,0,0,false
Segismundo_Castro_Vilar,0,0,false
Anunciación_Porcel-Nevado,0,0,false
Leandro_Gabaldón_Bolaños,0,0,false
Pepe_Alvarado_Martínez,0,0,false
Lina_Noguera,0,0,false
Paola_Sola_Zurita,0,0,false
Segismundo_Parejo_Arranz,0,0,false
Sebastian_Méndez_Rebollo,0,0,false
Che_Cadenas-Falcó,0,0,false
Natividad_Galán_Pereira,0,0,false
Che_Sotelo_Briones,0,0,false
Calista_Clemente_Campillo,0,0,false
Pacífica_Soria_Tirado,0,0,false
María_Jesús_Casanovas_Zapata,0,0,false
Victor_Manuel_Federico_Ferrero_Baños,0,0,false
Laura_Miralles_Lillo,0,0,false
Victoria_Lastra,0,0,false
Fanny_Oliveras_Gutiérrez,0,0,false
Maximiano_Trillo_Pozuelo,0,0,false
Luna_de_Batalla,0,0,false
Fabiana_Cordero,0,0,false
Eufemia_Sarmiento_Rojas,0,0,false
Roberto_Niño_Montalbán,0,0,false
María_Cristina_Cabezas_Vilanova,0,0,false
Alma_Varela_Franco,0,0,false
Adalberto_Lillo_Sebastián,0,0,false
Francisco_del_Carvajal,0,0,false
Benjamín_Evaristo_Valero_Esteve,0,0,false
Carina_Duran_Serrano,0,0,false
Fabricio_Gelabert_Gil,0,0,false
Zoraida_Cobo_Batlle,0,0,false
Ariel_Cisneros_Codina,0,0,false
Angelino_José_Ángel_Olmo_Hurtado,0,0,false
Ariadna_de_Galán,0,0,false
Melania_Llano_Avilés,0,0,false
Nicodemo_Río_Elorza,0,0,false
Fátima_Frutos_Piñol,0,0,false
Luis_Cano_Aznar,0,0,false
Jovita_Rivero_Dueñas,0,0,false
Luis_Ángel_Sanz_Perales,0,0,false
Arsenio_Sabater_Abascal,0,0,false
Rosalinda_Fanny_Lago_Albero,0,0,false
Pastora_de_Andrés,0,0,false
Viviana_de_Aragonés,0,0,false
Alexandra_Otero_Terrón,0,0,false
Albert_Manso,0,0,false
Sergio_Canals_Verdejo,0,0,false
Narcisa_Barrera_Dominguez,0,0,false
Abel_Rivas,0,0,false
Adrián_Flores_Mateo,0,0,false
Chus_Gutierrez_Rivera,0,0,false
Leocadia_Alberto,0,0,false
Ana_Belén_del_Valbuena,0,0,false
Godofredo_Vélez_Rosselló,0,0,false
Macaria_Anguita_Avilés,0,0,false
Fabricio_Cabezas-Peña,0,0,false
Eufemia_Granados_Castells,0,0,false
Palmira_Luisa_Olmedo_Cózar,0,0,false
Amarilis_Rocha_Ávila,0,0,false
Baldomero_Bueno_Guitart,0,0,false
Bartolomé_Giner_Pozuelo,0,0,false
Leandra_Llorente_Estrada,0,0,false
Nicolás_Ávila-Uribe,0,0,false
Adelina_Portero,0,0,false
Elodia_Amador_Clavero,0,0,false
Américo_del_Serrano,0,0,false
Piedad_Aguado_Samper,0,0,false
Loida_Alcázar,0,0,false
Luciana_Escalona_Ros,0,0,false
Iris_de_Espinosa,0,0,false
Matías_Malo_Otero,0,0,false
Teodosio_Ruiz_Martín,0,0,false
Reyes_Jordá_Arjona,0,0,false
Eulalia_Caparrós-Linares,0,0,false
Marianela_Casado,0,0,false
Fátima_Gilabert_Prada,0,0,false
Asunción_Paz_Corominas,0,0,false
Salomón_del_Porta,0,0,false
Leticia_Débora_Álamo_Cordero,0,0,false
Inés_Santiago_Roma,0,0,false
Soledad_Galiano-Valero,0,0,false
Dionisio_Cordero,0,0,false
Ofelia_Izquierdo-Ochoa,0,0,false
Modesto_Saez_Bello,0,0,false
Narcisa_Goicoechea_Echevarría,0,0,false
Sarita_Carpio-Rico,0,0,false
Kike_Quero-Tamayo,0,0,false
Irma_Vicens_Cuesta,0,0,false
Tomasa_Pedro_Roig,0,0,false
Ovidio_Vall,0,0,false
Celestino_Avilés_Falcón,0,0,false
Teodosio_Barón_Belda,0,0,false
Hermenegildo_Paredes_Heredia,0,0,false
Edmundo_Batlle_Mulet,0,0,false
Cándido_Cañas_Cabezas,0,0,false
Cristian_Delgado_Nebot,0,0,false
Hilario_Perelló-Amores,0,0,false
