source,target,name
MyBar,Ciríaco_Duilio_Rosales_Soriano,MyBar_contains_Ciríaco_Duilio_Rosales_Soriano
MyBar,Lola_Gutierrez,MyBar_contains_Lola_Gutierrez
MyBar,Ainara_Manuel,MyBar_contains_Ainara_Manuel
MyBar,Víctor_Gerardo_Ochoa_Palomo,MyBar_contains_Víctor_Gerardo_Ochoa_Palomo
MyBar,Elías_Vara_Bermejo,MyBar_contains_Elías_Vara_Bermejo
MyBar,Eugenio_Villalonga_Calderon,MyBar_contains_Eugenio_Villalonga_Calderon
MyBar,Purificación_Contreras_Ledesma,MyBar_contains_Purificación_Contreras_Ledesma
MyBar,Nacho_Pereira_Bellido,MyBar_contains_Nacho_Pereira_Bellido
MyBar,Candelario_Montes,MyBar_contains_Candelario_Montes
MyBar,Abraham_de_Toledo,MyBar_contains_Abraham_de_Toledo
MyBar,Maite_Evita_Campo_Gordillo,MyBar_contains_Maite_Evita_Campo_Gordillo
MyBar,Casandra_Casado_Somoza,MyBar_contains_Casandra_Casado_Somoza
MyBar,Raquel_Valencia_Taboada,MyBar_contains_Raquel_Valencia_Taboada
MyBar,Nilda_del_Rocha,MyBar_contains_Nilda_del_Rocha
MyBar,Eva_María_Garriga-Pol,MyBar_contains_Eva_María_Garriga-Pol
MyBar,Pío_Bayón_Larrañaga,MyBar_contains_Pío_Bayón_Larrañaga
MyBar,Elodia_Mármol_Navarrete,MyBar_contains_Elodia_Mármol_Navarrete
MyBar,Verónica_Ortuño,MyBar_contains_Verónica_Ortuño
MyBar,Rico_Hoyos_Mate,MyBar_contains_Rico_Hoyos_Mate
MyBar,Rolando_de_Lucena,MyBar_contains_Rolando_de_Lucena
MyBar,Pelayo_de_Beltran,MyBar_contains_Pelayo_de_Beltran
MyBar,Juliana_Pareja_Escribano,MyBar_contains_Juliana_Pareja_Escribano
MyBar,Violeta_Zorrilla_Bayón,MyBar_contains_Violeta_Zorrilla_Bayón
MyBar,Regina_Asenjo_Rodríguez,MyBar_contains_Regina_Asenjo_Rodríguez
MyBar,Guillermo_Vergara,MyBar_contains_Guillermo_Vergara
MyBar,Faustino_Borja_Cepeda,MyBar_contains_Faustino_Borja_Cepeda
MyBar,Amílcar_Redondo_Huerta,MyBar_contains_Amílcar_Redondo_Huerta
MyBar,Samuel_Eliseo_Serrano_Cáceres,MyBar_contains_Samuel_Eliseo_Serrano_Cáceres
MyBar,Alfredo_Esparza_Rebollo,MyBar_contains_Alfredo_Esparza_Rebollo
MyBar,Simón_Fabra,MyBar_contains_Simón_Fabra
MyBar,Mar_Tormo_Ayllón,MyBar_contains_Mar_Tormo_Ayllón
MyBar,Mirta_Alegria-Elorza,MyBar_contains_Mirta_Alegria-Elorza
MyBar,Amando_Abril,MyBar_contains_Amando_Abril
MyBar,Celso_del_Rocamora,MyBar_contains_Celso_del_Rocamora
MyBar,María_Jesús_Pelayo_Fabra,MyBar_contains_María_Jesús_Pelayo_Fabra
MyBar,Cecilio_Lastra_Blanes,MyBar_contains_Cecilio_Lastra_Blanes
MyBar,Valentín_Pavón_Agudo,MyBar_contains_Valentín_Pavón_Agudo
MyBar,Encarnacion_Castell_Requena,MyBar_contains_Encarnacion_Castell_Requena
MyBar,Fernanda_Sanz_Perea,MyBar_contains_Fernanda_Sanz_Perea
MyBar,Feliciana_Landa_Nebot,MyBar_contains_Feliciana_Landa_Nebot
MyBar,Heriberto_Juan_Bautista_Ríos_Saldaña,MyBar_contains_Heriberto_Juan_Bautista_Ríos_Saldaña
MyBar,Cruz_Quintero_Peral,MyBar_contains_Cruz_Quintero_Peral
MyBar,Hernando_Noé_Gallart_Tolosa,MyBar_contains_Hernando_Noé_Gallart_Tolosa
MyBar,Emigdio_Herrero_Comas,MyBar_contains_Emigdio_Herrero_Comas
MyBar,Damián_Balaguer_Benitez,MyBar_contains_Damián_Balaguer_Benitez
MyBar,Filomena_Elorza_Mercader,MyBar_contains_Filomena_Elorza_Mercader
MyBar,Nicolás_de_Ferrero,MyBar_contains_Nicolás_de_Ferrero
MyBar,Consuelo_Cornejo_Galán,MyBar_contains_Consuelo_Cornejo_Galán
MyBar,Evangelina_de_Bosch,MyBar_contains_Evangelina_de_Bosch
MyBar,José_Aguado_Montoya,MyBar_contains_José_Aguado_Montoya
MyBar,Raimundo_Beltran_Figueras,MyBar_contains_Raimundo_Beltran_Figueras
MyBar,Quirino_de_Amor,MyBar_contains_Quirino_de_Amor
MyBar,Alfredo_Girón_Oliva,MyBar_contains_Alfredo_Girón_Oliva
MyBar,Felix_Vizcaíno,MyBar_contains_Felix_Vizcaíno
MyBar,Aureliano_del_Costa,MyBar_contains_Aureliano_del_Costa
MyBar,Julián_Cuenca_Aller,MyBar_contains_Julián_Cuenca_Aller
MyBar,Casandra_Santamaría_Rodríguez,MyBar_contains_Casandra_Santamaría_Rodríguez
MyBar,Poncio_Gaya_Palacio,MyBar_contains_Poncio_Gaya_Palacio
MyBar,Ramona_Goñi_Orozco,MyBar_contains_Ramona_Goñi_Orozco
MyBar,Imelda_Gutiérrez_Maza,MyBar_contains_Imelda_Gutiérrez_Maza
MyBar,Amílcar_del_Fajardo,MyBar_contains_Amílcar_del_Fajardo
MyBar,Tecla_Soler_Tirado,MyBar_contains_Tecla_Soler_Tirado
MyBar,Candelario_Segarra-Gascón,MyBar_contains_Candelario_Segarra-Gascón
MyBar,Daniela_del_Pizarro,MyBar_contains_Daniela_del_Pizarro
MyBar,Georgina_Godoy_Pujol,MyBar_contains_Georgina_Godoy_Pujol
MyBar,Calixta_Palmer_Paredes,MyBar_contains_Calixta_Palmer_Paredes
MyBar,Yéssica_Aragón_Carrasco,MyBar_contains_Yéssica_Aragón_Carrasco
MyBar,Sergio_Elías_Mesa,MyBar_contains_Sergio_Elías_Mesa
MyBar,Amanda_Girona-Acosta,MyBar_contains_Amanda_Girona-Acosta
MyBar,Etelvina_Fuentes_Salgado,MyBar_contains_Etelvina_Fuentes_Salgado
MyBar,Delia_Garriga-Guitart,MyBar_contains_Delia_Garriga-Guitart
MyBar,Ana_Sofía_Paz_Barrio,MyBar_contains_Ana_Sofía_Paz_Barrio
MyBar,Constanza_Leticia_Sosa_Palomo,MyBar_contains_Constanza_Leticia_Sosa_Palomo
MyBar,Laura_Gabaldón-Jaume,MyBar_contains_Laura_Gabaldón-Jaume
MyBar,Flora_Ibáñez_Sierra,MyBar_contains_Flora_Ibáñez_Sierra
MyBar,Juan_Luis_Guerrero_Perelló,MyBar_contains_Juan_Luis_Guerrero_Perelló
MyBar,Heliodoro_Echevarría-Cuesta,MyBar_contains_Heliodoro_Echevarría-Cuesta
MyBar,Heraclio_Campo_Marin,MyBar_contains_Heraclio_Campo_Marin
MyBar,Trinidad_Hoz_Ureña,MyBar_contains_Trinidad_Hoz_Ureña
MyBar,Darío_Zaragoza_Roma,MyBar_contains_Darío_Zaragoza_Roma
MyBar,Lilia_Alberdi_Robles,MyBar_contains_Lilia_Alberdi_Robles
MyBar,Leocadio_Francisco_Morcillo,MyBar_contains_Leocadio_Francisco_Morcillo
MyBar,Odalis_Nicolás_Sandoval,MyBar_contains_Odalis_Nicolás_Sandoval
MyBar,Martina_Cornejo_Llano,MyBar_contains_Martina_Cornejo_Llano
MyBar,Anna_Evelia_Pla_Miró,MyBar_contains_Anna_Evelia_Pla_Miró
MyBar,Rico_Ciriaco_Vicente_Iriarte,MyBar_contains_Rico_Ciriaco_Vicente_Iriarte
MyBar,Alondra_Pedro_Torrent,MyBar_contains_Alondra_Pedro_Torrent
MyBar,Borja_Rocha-Pastor,MyBar_contains_Borja_Rocha-Pastor
MyBar,Lidia_Carrión-Castillo,MyBar_contains_Lidia_Carrión-Castillo
MyBar,Valentina_Jáuregui_Vizcaíno,MyBar_contains_Valentina_Jáuregui_Vizcaíno
MyBar,Natalia_de_Galvez,MyBar_contains_Natalia_de_Galvez
MyBar,Fulgencio_Quintanilla_Ponce,MyBar_contains_Fulgencio_Quintanilla_Ponce
MyBar,Javier_Morcillo_Mora,MyBar_contains_Javier_Morcillo_Mora
MyBar,Germán_Osorio,MyBar_contains_Germán_Osorio
MyBar,Esteban_Arco-Bou,MyBar_contains_Esteban_Arco-Bou
MyBar,Elena_Almeida_Castañeda,MyBar_contains_Elena_Almeida_Castañeda
MyBar,Salud_Salud_Domingo_Ferrández,MyBar_contains_Salud_Salud_Domingo_Ferrández
MyBar,Raquel_Barrena_Aramburu,MyBar_contains_Raquel_Barrena_Aramburu
MyBar,Adelina_Peiró-Báez,MyBar_contains_Adelina_Peiró-Báez
MyBar,Felicia_de_Montaña,MyBar_contains_Felicia_de_Montaña
MyBar,Toribio_de_Nuñez,MyBar_contains_Toribio_de_Nuñez
MyBar,Hortensia_Peñalver_Moraleda,MyBar_contains_Hortensia_Peñalver_Moraleda
MyBar,Plácido_Dávila_Pera,MyBar_contains_Plácido_Dávila_Pera
MyBar,Ligia_Mayoral-Escrivá,MyBar_contains_Ligia_Mayoral-Escrivá
MyBar,Dorotea_Rivas_Mendoza,MyBar_contains_Dorotea_Rivas_Mendoza
MyBar,Perla_Guitart_Cardona,MyBar_contains_Perla_Guitart_Cardona
MyBar,Jacinto_Vázquez_Criado,MyBar_contains_Jacinto_Vázquez_Criado
MyBar,María_José_Quero_Bernat,MyBar_contains_María_José_Quero_Bernat
MyBar,Eladio_Ureña_Prada,MyBar_contains_Eladio_Ureña_Prada
MyBar,Urbano_León_Girón,MyBar_contains_Urbano_León_Girón
MyBar,Eugenio_Linares_Zaragoza,MyBar_contains_Eugenio_Linares_Zaragoza
MyBar,Eleuterio_de_Carretero,MyBar_contains_Eleuterio_de_Carretero
MyBar,Salomé_del_Batlle,MyBar_contains_Salomé_del_Batlle
MyBar,María_Pilar_Verdejo_Zabaleta,MyBar_contains_María_Pilar_Verdejo_Zabaleta
MyBar,Inés_Natividad_Ibarra_Acedo,MyBar_contains_Inés_Natividad_Ibarra_Acedo
MyBar,Marita_Hervás-Almansa,MyBar_contains_Marita_Hervás-Almansa
MyBar,Miguel_Mora_Carranza,MyBar_contains_Miguel_Mora_Carranza
MyBar,Tania_Cañellas-Andrade,MyBar_contains_Tania_Cañellas-Andrade
MyBar,Domitila_Garay_Ayala,MyBar_contains_Domitila_Garay_Ayala
MyBar,Leyre_Vega_Soriano,MyBar_contains_Leyre_Vega_Soriano
MyBar,Simón_Martínez,MyBar_contains_Simón_Martínez
MyBar,Palmira_Alsina-Iniesta,MyBar_contains_Palmira_Alsina-Iniesta
MyBar,Pepita_Aliaga_Marin,MyBar_contains_Pepita_Aliaga_Marin
MyBar,Victor_Manuel_Hervás_Salas,MyBar_contains_Victor_Manuel_Hervás_Salas
MyBar,Eladio_Pizarro-Lobo,MyBar_contains_Eladio_Pizarro-Lobo
MyBar,Ángeles_Azucena_Agudo_Bernat,MyBar_contains_Ángeles_Azucena_Agudo_Bernat
MyBar,Vicenta_Dueñas-Escamilla,MyBar_contains_Vicenta_Dueñas-Escamilla
MyBar,María_Belén_Bustos_Martínez,MyBar_contains_María_Belén_Bustos_Martínez
MyBar,Joan_Infante_Vallés,MyBar_contains_Joan_Infante_Vallés
MyBar,Daniel_del_Cepeda,MyBar_contains_Daniel_del_Cepeda
MyBar,Maxi_Peláez_Godoy,MyBar_contains_Maxi_Peláez_Godoy
MyBar,Calixto_Ribera-Barón,MyBar_contains_Calixto_Ribera-Barón
MyBar,Alma_Arnal_Carretero,MyBar_contains_Alma_Arnal_Carretero
MyBar,Azeneth_del_Bernat,MyBar_contains_Azeneth_del_Bernat
MyBar,Gabriel_Gibert_Hernandez,MyBar_contains_Gabriel_Gibert_Hernandez
MyBar,Ismael_del_Cañas,MyBar_contains_Ismael_del_Cañas
MyBar,Toño_Escobar-Vilalta,MyBar_contains_Toño_Escobar-Vilalta
MyBar,Maribel_Saldaña_Vazquez,MyBar_contains_Maribel_Saldaña_Vazquez
MyBar,Nayara_Niño_Barrena,MyBar_contains_Nayara_Niño_Barrena
MyBar,Cayetano_Severiano_Porras_Pereira,MyBar_contains_Cayetano_Severiano_Porras_Pereira
MyBar,Abril_de_Sanchez,MyBar_contains_Abril_de_Sanchez
MyBar,Arturo_de_Gutiérrez,MyBar_contains_Arturo_de_Gutiérrez
MyBar,Rosalina_Silva,MyBar_contains_Rosalina_Silva
MyBar,Angelina_Jáuregui_Cuéllar,MyBar_contains_Angelina_Jáuregui_Cuéllar
MyBar,Luis_Ángel_Matías_Priego_Armas,MyBar_contains_Luis_Ángel_Matías_Priego_Armas
MyBar,Leonel_del_Tomás,MyBar_contains_Leonel_del_Tomás
MyBar,Rosenda_del_Giralt,MyBar_contains_Rosenda_del_Giralt
MyBar,Marciano_Morell_Cózar,MyBar_contains_Marciano_Morell_Cózar
MyBar,Fortunata_Donaire_Macias,MyBar_contains_Fortunata_Donaire_Macias
MyBar,Amaro_Rosell_Saura,MyBar_contains_Amaro_Rosell_Saura
MyBar,Yéssica_Gracia_Portillo,MyBar_contains_Yéssica_Gracia_Portillo
MyBar,Andrea_Duran_Acosta,MyBar_contains_Andrea_Duran_Acosta
MyBar,César_Gomila_Diez,MyBar_contains_César_Gomila_Diez
MyBar,Ainara_Sanz_Coca,MyBar_contains_Ainara_Sanz_Coca
MyBar,Bibiana_de_Almeida,MyBar_contains_Bibiana_de_Almeida
MyBar,Eliseo_Lluch_Raya,MyBar_contains_Eliseo_Lluch_Raya
MyBar,María_Cristina_de_Izquierdo,MyBar_contains_María_Cristina_de_Izquierdo
MyBar,Ileana_Cordero-Conesa,MyBar_contains_Ileana_Cordero-Conesa
MyBar,Julieta_Benet,MyBar_contains_Julieta_Benet
MyBar,Cloe_Lladó,MyBar_contains_Cloe_Lladó
MyBar,Rafael_Guijarro_Novoa,MyBar_contains_Rafael_Guijarro_Novoa
MyBar,Javier_Sola_Castilla,MyBar_contains_Javier_Sola_Castilla
MyBar,Nacho_Fabregat_Agullo,MyBar_contains_Nacho_Fabregat_Agullo
MyBar,Evangelina_Hoyos_Jimenez,MyBar_contains_Evangelina_Hoyos_Jimenez
MyBar,Fanny_Duran_Tamayo,MyBar_contains_Fanny_Duran_Tamayo
MyBar,Epifanio_Oller-Vergara,MyBar_contains_Epifanio_Oller-Vergara
MyBar,Cayetana_Trini_Vilar_Nicolás,MyBar_contains_Cayetana_Trini_Vilar_Nicolás
MyBar,Tere_Bosch_Pinilla,MyBar_contains_Tere_Bosch_Pinilla
MyBar,Inocencio_Carlos,MyBar_contains_Inocencio_Carlos
MyBar,Antonia_del_Salvador,MyBar_contains_Antonia_del_Salvador
MyBar,Reina_Páez,MyBar_contains_Reina_Páez
MyBar,Pastor_Maldonado_Belmonte,MyBar_contains_Pastor_Maldonado_Belmonte
MyBar,Maristela_Campos_Gabaldón,MyBar_contains_Maristela_Campos_Gabaldón
MyBar,Candela_Villalba_Vendrell,MyBar_contains_Candela_Villalba_Vendrell
MyBar,Eliana_Manzanares-Saldaña,MyBar_contains_Eliana_Manzanares-Saldaña
MyBar,Celia_Genoveva_Pi_Llopis,MyBar_contains_Celia_Genoveva_Pi_Llopis
MyBar,Paco_del_Reyes,MyBar_contains_Paco_del_Reyes
MyBar,Eric_Román_Valbuena,MyBar_contains_Eric_Román_Valbuena
MyBar,Alejandra_Cuesta_Cáceres,MyBar_contains_Alejandra_Cuesta_Cáceres
MyBar,Azucena_Herrero-Castrillo,MyBar_contains_Azucena_Herrero-Castrillo
MyBar,Octavia_Alcázar_Calatayud,MyBar_contains_Octavia_Alcázar_Calatayud
MyBar,Calisto_Fausto_Villalonga_Saldaña,MyBar_contains_Calisto_Fausto_Villalonga_Saldaña
MyBar,Felicidad_Urrutia,MyBar_contains_Felicidad_Urrutia
MyBar,Paula_Querol_Nadal,MyBar_contains_Paula_Querol_Nadal
MyBar,Marisol_Anglada_Manzanares,MyBar_contains_Marisol_Anglada_Manzanares
MyBar,Edmundo_Robles_Báez,MyBar_contains_Edmundo_Robles_Báez
MyBar,Ariel_Ferreras_Manuel,MyBar_contains_Ariel_Ferreras_Manuel
MyBar,Macario_Vallejo_Sanjuan,MyBar_contains_Macario_Vallejo_Sanjuan
MyBar,Zoraida_Perera_Quesada,MyBar_contains_Zoraida_Perera_Quesada
MyBar,Rosaura_Pedrero_Cepeda,MyBar_contains_Rosaura_Pedrero_Cepeda
MyBar,Ceferino_Morell_Arellano,MyBar_contains_Ceferino_Morell_Arellano
MyBar,Matías_Hervás-Gallego,MyBar_contains_Matías_Hervás-Gallego
MyBar,Gema_Segovia_Cerdá,MyBar_contains_Gema_Segovia_Cerdá
MyBar,Mohamed_Nicolau_Chaves,MyBar_contains_Mohamed_Nicolau_Chaves
MyBar,Asdrubal_Ochoa-Solano,MyBar_contains_Asdrubal_Ochoa-Solano
MyBar,Victor_Manuel_Elías_Palomares_Díaz,MyBar_contains_Victor_Manuel_Elías_Palomares_Díaz
MyBar,Adelina_de_Arrieta,MyBar_contains_Adelina_de_Arrieta
MyBar,Constanza_Aranda_Marti,MyBar_contains_Constanza_Aranda_Marti
MyBar,Emilio_Carretero_Barros,MyBar_contains_Emilio_Carretero_Barros
MyBar,Francisco_Cantero_Arnaiz,MyBar_contains_Francisco_Cantero_Arnaiz
MyBar,Tadeo_Guardiola-Leon,MyBar_contains_Tadeo_Guardiola-Leon
MyBar,Adelia_Estrella_Campoy_Manzanares,MyBar_contains_Adelia_Estrella_Campoy_Manzanares
MyBar,Serafina_Palacios_Crespo,MyBar_contains_Serafina_Palacios_Crespo
MyBar,Inmaculada_Sánchez_Alfonso,MyBar_contains_Inmaculada_Sánchez_Alfonso
MyBar,Elvira_Andrés_Haro,MyBar_contains_Elvira_Andrés_Haro
MyBar,Inmaculada_de_Quintero,MyBar_contains_Inmaculada_de_Quintero
MyBar,Ágata_Estevez_Mena,MyBar_contains_Ágata_Estevez_Mena
MyBar,Fernanda_Seguí_Burgos,MyBar_contains_Fernanda_Seguí_Burgos
MyBar,Toño_Herranz_Iborra,MyBar_contains_Toño_Herranz_Iborra
MyBar,Eusebia_Busquets_Amores,MyBar_contains_Eusebia_Busquets_Amores
MyBar,Ruperta_Lerma,MyBar_contains_Ruperta_Lerma
MyBar,Sarita_Crespo_Mariño,MyBar_contains_Sarita_Crespo_Mariño
MyBar,Florentina_Chico_Ródenas,MyBar_contains_Florentina_Chico_Ródenas
MyBar,María_Cristina_Luna,MyBar_contains_María_Cristina_Luna
MyBar,Bienvenida_Cañete,MyBar_contains_Bienvenida_Cañete
MyBar,Chelo_Sacristán,MyBar_contains_Chelo_Sacristán
MyBar,Estrella_Espada_Carbó,MyBar_contains_Estrella_Espada_Carbó
MyBar,Jordana_Querol_Yuste,MyBar_contains_Jordana_Querol_Yuste
MyBar,Mercedes_de_Ferrández,MyBar_contains_Mercedes_de_Ferrández
MyBar,Quirino_Bartolomé_León_Morales,MyBar_contains_Quirino_Bartolomé_León_Morales
MyBar,Laura_Cid_Asensio,MyBar_contains_Laura_Cid_Asensio
MyBar,Pascual_Tello,MyBar_contains_Pascual_Tello
MyBar,Judith_del_Pedraza,MyBar_contains_Judith_del_Pedraza
MyBar,Pepe_Dávila_Caro,MyBar_contains_Pepe_Dávila_Caro
MyBar,Hector_Tapia_Porta,MyBar_contains_Hector_Tapia_Porta
MyBar,Marc_Beltrán_Valero,MyBar_contains_Marc_Beltrán_Valero
MyBar,Odalys_Guzman,MyBar_contains_Odalys_Guzman
MyBar,Candelaria_Torre_Buendía,MyBar_contains_Candelaria_Torre_Buendía
MyBar,Isidora_Lledó_Alegria,MyBar_contains_Isidora_Lledó_Alegria
MyBar,Rosalina_Taboada_Viñas,MyBar_contains_Rosalina_Taboada_Viñas
MyBar,Tiburcio_Cuervo_Garrido,MyBar_contains_Tiburcio_Cuervo_Garrido
MyBar,Gloria_Carina_Planas_Galván,MyBar_contains_Gloria_Carina_Planas_Galván
MyBar,Fabián_Fiol_Piña,MyBar_contains_Fabián_Fiol_Piña
MyBar,Ascensión_Madrid_Garay,MyBar_contains_Ascensión_Madrid_Garay
MyBar,Carmelita_Carro_Franch,MyBar_contains_Carmelita_Carro_Franch
MyBar,Juan_Antonio_Figueras,MyBar_contains_Juan_Antonio_Figueras
MyBar,Florencia_de_Herranz,MyBar_contains_Florencia_de_Herranz
MyBar,Fausto_Antón_Escribano,MyBar_contains_Fausto_Antón_Escribano
MyBar,Margarita_Rivas_Huertas,MyBar_contains_Margarita_Rivas_Huertas
MyBar,Maxi_de_Bárcena,MyBar_contains_Maxi_de_Bárcena
MyBar,Norberto_Medina-Amores,MyBar_contains_Norberto_Medina-Amores
MyBar,Salud_Iglesia_Bernad,MyBar_contains_Salud_Iglesia_Bernad
MyBar,Epifanio_Quintana_Jove,MyBar_contains_Epifanio_Quintana_Jove
MyBar,Alfredo_Lucena,MyBar_contains_Alfredo_Lucena
MyBar,Ramiro_Nebot_Jover,MyBar_contains_Ramiro_Nebot_Jover
MyBar,Rita_Heredia_Perera,MyBar_contains_Rita_Heredia_Perera
MyBar,Claudia_Arteaga_Sureda,MyBar_contains_Claudia_Arteaga_Sureda
MyBar,Román_Borja_Arrieta,MyBar_contains_Román_Borja_Arrieta
MyBar,María_Jesús_Pol_Caparrós,MyBar_contains_María_Jesús_Pol_Caparrós
MyBar,Ceferino_Rivera_Tello,MyBar_contains_Ceferino_Rivera_Tello
MyBar,Gabino_del_Pellicer,MyBar_contains_Gabino_del_Pellicer
MyBar,Primitiva_Robles_Pombo,MyBar_contains_Primitiva_Robles_Pombo
MyBar,Javiera_Loreto_Priego_Vives,MyBar_contains_Javiera_Loreto_Priego_Vives
MyBar,Elena_Gámez_Arnal,MyBar_contains_Elena_Gámez_Arnal
MyBar,Olga_Rovira_Puente,MyBar_contains_Olga_Rovira_Puente
MyBar,Ale_de_Coello,MyBar_contains_Ale_de_Coello
MyBar,Natividad_Andres_Matas,MyBar_contains_Natividad_Andres_Matas
MyBar,Belen_María_Fernanda_Osuna_Busquets,MyBar_contains_Belen_María_Fernanda_Osuna_Busquets
MyBar,Mar_Torrecilla_Castellanos,MyBar_contains_Mar_Torrecilla_Castellanos
MyBar,Delfina_del_Prada,MyBar_contains_Delfina_del_Prada
MyBar,Josefina_Agudo_Polo,MyBar_contains_Josefina_Agudo_Polo
MyBar,Balduino_Manrique_Criado,MyBar_contains_Balduino_Manrique_Criado
MyBar,Aura_de_Morell,MyBar_contains_Aura_de_Morell
MyBar,Victor_Manuel_del_Cánovas,MyBar_contains_Victor_Manuel_del_Cánovas
MyBar,Laura_Pera_Arcos,MyBar_contains_Laura_Pera_Arcos
MyBar,Poncio_Flores_Calzada,MyBar_contains_Poncio_Flores_Calzada
MyBar,Albina_Amor_Alegria,MyBar_contains_Albina_Amor_Alegria
MyBar,Eustaquio_Manuel_Vilaplana,MyBar_contains_Eustaquio_Manuel_Vilaplana
MyBar,Hermenegildo_Coca_Navas,MyBar_contains_Hermenegildo_Coca_Navas
MyBar,Andrés_Saez_Taboada,MyBar_contains_Andrés_Saez_Taboada
MyBar,Leandra_Pi_Cánovas,MyBar_contains_Leandra_Pi_Cánovas
MyBar,Alejo_de_Gracia,MyBar_contains_Alejo_de_Gracia
MyBar,Maximiliano_Cañellas_Canet,MyBar_contains_Maximiliano_Cañellas_Canet
MyBar,Manolo_Parejo_Becerra,MyBar_contains_Manolo_Parejo_Becerra
MyBar,Eladio_María_Delgado_Morante,MyBar_contains_Eladio_María_Delgado_Morante
MyBar,Débora_Llopis_Ribes,MyBar_contains_Débora_Llopis_Ribes
MyBar,María_Teresa_Alarcón,MyBar_contains_María_Teresa_Alarcón
MyBar,Feliciano_del_Mayol,MyBar_contains_Feliciano_del_Mayol
MyBar,Eufemia_Infante_Alvarez,MyBar_contains_Eufemia_Infante_Alvarez
MyBar,Julián_Arana-Muro,MyBar_contains_Julián_Arana-Muro
MyBar,Ignacio_Andreu_Garcia,MyBar_contains_Ignacio_Andreu_Garcia
MyBar,Tomasa_Marín_Carlos,MyBar_contains_Tomasa_Marín_Carlos
MyBar,Lola_Fabregat_Olivera,MyBar_contains_Lola_Fabregat_Olivera
MyBar,Rufina_Suárez_Valverde,MyBar_contains_Rufina_Suárez_Valverde
MyBar,Almudena_Verdú_Mur,MyBar_contains_Almudena_Verdú_Mur
MyBar,Agustina_Alfonso_Alonso,MyBar_contains_Agustina_Alfonso_Alonso
MyBar,Florencio_Niño_Vallejo,MyBar_contains_Florencio_Niño_Vallejo
MyBar,Carmen_Gras_Calvet,MyBar_contains_Carmen_Gras_Calvet
MyBar,León_del_Nuñez,MyBar_contains_León_del_Nuñez
MyBar,Roberta_Cortes_Asensio,MyBar_contains_Roberta_Cortes_Asensio
MyBar,Carmelo_del_Palomo,MyBar_contains_Carmelo_del_Palomo
MyBar,Ámbar_Escalona,MyBar_contains_Ámbar_Escalona
MyBar,Samanta_Tapia-Pombo,MyBar_contains_Samanta_Tapia-Pombo
MyBar,Chus_Cañas_Cifuentes,MyBar_contains_Chus_Cañas_Cifuentes
MyBar,Bibiana_Madrid-Carmona,MyBar_contains_Bibiana_Madrid-Carmona
MyBar,Chema_Báez_Maestre,MyBar_contains_Chema_Báez_Maestre
MyBar,Carmen_Mascaró_Gibert,MyBar_contains_Carmen_Mascaró_Gibert
MyBar,Rico_de_Córdoba,MyBar_contains_Rico_de_Córdoba
MyBar,Tito_Viña_Hervás,MyBar_contains_Tito_Viña_Hervás
MyBar,María_Teresa_Sureda-Domingo,MyBar_contains_María_Teresa_Sureda-Domingo
MyBar,Guillermo_Reyes_Colomer,MyBar_contains_Guillermo_Reyes_Colomer
MyBar,Flora_Valle_Folch,MyBar_contains_Flora_Valle_Folch
MyBar,Mauricio_Llobet,MyBar_contains_Mauricio_Llobet
MyBar,Paz_Sola,MyBar_contains_Paz_Sola
MyBar,Sandra_Valero-Adadia,MyBar_contains_Sandra_Valero-Adadia
MyBar,Casandra_Fonseca_Bayón,MyBar_contains_Casandra_Fonseca_Bayón
MyBar,Ricarda_Cañete,MyBar_contains_Ricarda_Cañete
MyBar,Noemí_Tejera,MyBar_contains_Noemí_Tejera
MyBar,Carmela_Iñiguez_Andres,MyBar_contains_Carmela_Iñiguez_Andres
MyBar,Fidela_Alberola_Mir,MyBar_contains_Fidela_Alberola_Mir
MyBar,Hernán_de_Dominguez,MyBar_contains_Hernán_de_Dominguez
MyBar,Gracia_Pedrero_Alemany,MyBar_contains_Gracia_Pedrero_Alemany
MyBar,José_Mari_Nebot-Miró,MyBar_contains_José_Mari_Nebot-Miró
MyBar,Espiridión_Nacio_Pinilla_Castelló,MyBar_contains_Espiridión_Nacio_Pinilla_Castelló
MyBar,Jesús_Font-Ibáñez,MyBar_contains_Jesús_Font-Ibáñez
MyBar,Ágata_de_Priego,MyBar_contains_Ágata_de_Priego
MyBar,Víctor_Castells_Rebollo,MyBar_contains_Víctor_Castells_Rebollo
MyBar,Angelita_Sanchez-Melero,MyBar_contains_Angelita_Sanchez-Melero
MyBar,Esperanza_Ochoa_Muro,MyBar_contains_Esperanza_Ochoa_Muro
MyBar,Clara_Arnaiz_Coello,MyBar_contains_Clara_Arnaiz_Coello
MyBar,Vanesa_Lago_Lladó,MyBar_contains_Vanesa_Lago_Lladó
MyBar,Azahara_Hernando_Solís,MyBar_contains_Azahara_Hernando_Solís
MyBar,Venceslás_Jódar,MyBar_contains_Venceslás_Jódar
MyBar,Marciano_Roman-Corominas,MyBar_contains_Marciano_Roman-Corominas
MyBar,Curro_Pombo,MyBar_contains_Curro_Pombo
MyBar,Felipa_del_Pardo,MyBar_contains_Felipa_del_Pardo
MyBar,Che_Comas-Mesa,MyBar_contains_Che_Comas-Mesa
MyBar,Teobaldo_Benavides_Machado,MyBar_contains_Teobaldo_Benavides_Machado
MyBar,Juan_Luis_de_Carvajal,MyBar_contains_Juan_Luis_de_Carvajal
MyBar,Aroa_Franco-Huerta,MyBar_contains_Aroa_Franco-Huerta
MyBar,Chita_Girona_Garcia,MyBar_contains_Chita_Girona_Garcia
MyBar,Aarón_Robles,MyBar_contains_Aarón_Robles
MyBar,Tere_Castilla_Valenzuela,MyBar_contains_Tere_Castilla_Valenzuela
MyBar,Raúl_Catalán,MyBar_contains_Raúl_Catalán
MyBar,Eligio_Bellido_Amo,MyBar_contains_Eligio_Bellido_Amo
MyBar,Evaristo_Arce,MyBar_contains_Evaristo_Arce
MyBar,Eloísa_Galván_Villa,MyBar_contains_Eloísa_Galván_Villa
MyBar,Nicolasa_Acevedo,MyBar_contains_Nicolasa_Acevedo
MyBar,Ricardo_Román_Campos_Hernando,MyBar_contains_Ricardo_Román_Campos_Hernando
MyBar,Otilia_Chaves,MyBar_contains_Otilia_Chaves
MyBar,Jenaro_Salvà_Arce,MyBar_contains_Jenaro_Salvà_Arce
MyBar,Julio_Jover_Segovia,MyBar_contains_Julio_Jover_Segovia
MyBar,Dora_Lorenzo_Pi,MyBar_contains_Dora_Lorenzo_Pi
MyBar,Rodolfo_Robles-Barbero,MyBar_contains_Rodolfo_Robles-Barbero
MyBar,Juan_Carlos_Ortiz_Cañas,MyBar_contains_Juan_Carlos_Ortiz_Cañas
MyBar,Anastasio_Martínez_Villanueva,MyBar_contains_Anastasio_Martínez_Villanueva
MyBar,Josefina_Perales-Domingo,MyBar_contains_Josefina_Perales-Domingo
MyBar,Julieta_Carla_Moles_Solano,MyBar_contains_Julieta_Carla_Moles_Solano
MyBar,Mauricio_Ariño_Gilabert,MyBar_contains_Mauricio_Ariño_Gilabert
MyBar,Humberto_Sureda-Ferrándiz,MyBar_contains_Humberto_Sureda-Ferrándiz
MyBar,Aristides_Redondo,MyBar_contains_Aristides_Redondo
MyBar,Moreno_Patiño_Ugarte,MyBar_contains_Moreno_Patiño_Ugarte
MyBar,Haroldo_Cañizares,MyBar_contains_Haroldo_Cañizares
MyBar,Ruy_Rosales,MyBar_contains_Ruy_Rosales
MyBar,Heliodoro_Almagro_Sala,MyBar_contains_Heliodoro_Almagro_Sala
MyBar,Josefina_del_Chaparro,MyBar_contains_Josefina_del_Chaparro
MyBar,Liliana_Nogués-Leal,MyBar_contains_Liliana_Nogués-Leal
MyBar,Evangelina_Gámez,MyBar_contains_Evangelina_Gámez
MyBar,Gloria_Patiño_Carrera,MyBar_contains_Gloria_Patiño_Carrera
MyBar,Emigdio_Exposito,MyBar_contains_Emigdio_Exposito
MyBar,Ulises_Pi_Alcalde,MyBar_contains_Ulises_Pi_Alcalde
MyBar,Herminio_Ojeda_Cadenas,MyBar_contains_Herminio_Ojeda_Cadenas
MyBar,Mireia_Echeverría_Tejedor,MyBar_contains_Mireia_Echeverría_Tejedor
MyBar,Francisca_Cepeda_Martínez,MyBar_contains_Francisca_Cepeda_Martínez
MyBar,Casandra_Segovia_Arjona,MyBar_contains_Casandra_Segovia_Arjona
MyBar,Pilar_de_Plaza,MyBar_contains_Pilar_de_Plaza
MyBar,Lorenzo_Reina_Román,MyBar_contains_Lorenzo_Reina_Román
MyBar,Violeta_Hortensia_Alcalde_Sola,MyBar_contains_Violeta_Hortensia_Alcalde_Sola
MyBar,Gaspar_Barrera_Tejada,MyBar_contains_Gaspar_Barrera_Tejada
MyBar,Alberto_Mora_Alcolea,MyBar_contains_Alberto_Mora_Alcolea
MyBar,Cándido_Catalán_Calzada,MyBar_contains_Cándido_Catalán_Calzada
MyBar,Héctor_del_Abellán,MyBar_contains_Héctor_del_Abellán
MyBar,Eligia_Ros_Cid,MyBar_contains_Eligia_Ros_Cid
MyBar,Ciro_Calatayud_Salazar,MyBar_contains_Ciro_Calatayud_Salazar
MyBar,Damián_Valdés_Casanova,MyBar_contains_Damián_Valdés_Casanova
MyBar,Yolanda_de_Solsona,MyBar_contains_Yolanda_de_Solsona
MyBar,Amor_de_Cadenas,MyBar_contains_Amor_de_Cadenas
MyBar,Reyna_Emma_Enríquez_Riquelme,MyBar_contains_Reyna_Emma_Enríquez_Riquelme
MyBar,Julián_Barberá_Bauzà,MyBar_contains_Julián_Barberá_Bauzà
MyBar,Begoña_Marin_Pujadas,MyBar_contains_Begoña_Marin_Pujadas
MyBar,Alejo_Solís_Morera,MyBar_contains_Alejo_Solís_Morera
MyBar,Cesar_Donoso-Escudero,MyBar_contains_Cesar_Donoso-Escudero
MyBar,Cipriano_Chuy_Castells_Marín,MyBar_contains_Cipriano_Chuy_Castells_Marín
MyBar,Cruz_Felipe_Gual_Clemente,MyBar_contains_Cruz_Felipe_Gual_Clemente
MyBar,Palmira_Reguera_Sierra,MyBar_contains_Palmira_Reguera_Sierra
MyBar,Felicidad_Reyes_Solana_Conde,MyBar_contains_Felicidad_Reyes_Solana_Conde
MyBar,Fausto_Peral_Nuñez,MyBar_contains_Fausto_Peral_Nuñez
MyBar,Sergio_Hernán_Palomares_Cáceres,MyBar_contains_Sergio_Hernán_Palomares_Cáceres
MyBar,Lucía_Rocamora,MyBar_contains_Lucía_Rocamora
MyBar,Carmen_Gordillo_Exposito,MyBar_contains_Carmen_Gordillo_Exposito
MyBar,Roque_Uribe_Ortiz,MyBar_contains_Roque_Uribe_Ortiz
MyBar,Patricio_Cuevas_Elías,MyBar_contains_Patricio_Cuevas_Elías
MyBar,Demetrio_Ramiro_Garmendia_Ferrández,MyBar_contains_Demetrio_Ramiro_Garmendia_Ferrández
MyBar,Anna_Posada_Valero,MyBar_contains_Anna_Posada_Valero
MyBar,Porfirio_Ponce_Roldán,MyBar_contains_Porfirio_Ponce_Roldán
MyBar,Víctor_Cayetano_Montalbán_Iniesta,MyBar_contains_Víctor_Cayetano_Montalbán_Iniesta
MyBar,Marco_Aragón,MyBar_contains_Marco_Aragón
MyBar,Rómulo_del_Revilla,MyBar_contains_Rómulo_del_Revilla
MyBar,Anselma_Godoy_Maestre,MyBar_contains_Anselma_Godoy_Maestre
MyBar,Vilma_Brunilda_Gárate_Vergara,MyBar_contains_Vilma_Brunilda_Gárate_Vergara
MyBar,Jerónimo_Ferrándiz_Conde,MyBar_contains_Jerónimo_Ferrándiz_Conde
MyBar,Ascensión_Herminia_Uriarte_Carlos,MyBar_contains_Ascensión_Herminia_Uriarte_Carlos
MyBar,Gil_Gámez_Lerma,MyBar_contains_Gil_Gámez_Lerma
MyBar,Segismundo_Castro_Vilar,MyBar_contains_Segismundo_Castro_Vilar
MyBar,Anunciación_Porcel-Nevado,MyBar_contains_Anunciación_Porcel-Nevado
MyBar,Leandro_Gabaldón_Bolaños,MyBar_contains_Leandro_Gabaldón_Bolaños
MyBar,Pepe_Alvarado_Martínez,MyBar_contains_Pepe_Alvarado_Martínez
MyBar,Lina_Noguera,MyBar_contains_Lina_Noguera
MyBar,Paola_Sola_Zurita,MyBar_contains_Paola_Sola_Zurita
MyBar,Segismundo_Parejo_Arranz,MyBar_contains_Segismundo_Parejo_Arranz
MyBar,Sebastian_Méndez_Rebollo,MyBar_contains_Sebastian_Méndez_Rebollo
MyBar,Che_Cadenas-Falcó,MyBar_contains_Che_Cadenas-Falcó
MyBar,Natividad_Galán_Pereira,MyBar_contains_Natividad_Galán_Pereira
MyBar,Che_Sotelo_Briones,MyBar_contains_Che_Sotelo_Briones
MyBar,Calista_Clemente_Campillo,MyBar_contains_Calista_Clemente_Campillo
MyBar,Pacífica_Soria_Tirado,MyBar_contains_Pacífica_Soria_Tirado
MyBar,María_Jesús_Casanovas_Zapata,MyBar_contains_María_Jesús_Casanovas_Zapata
MyBar,Victor_Manuel_Federico_Ferrero_Baños,MyBar_contains_Victor_Manuel_Federico_Ferrero_Baños
MyBar,Laura_Miralles_Lillo,MyBar_contains_Laura_Miralles_Lillo
MyBar,Victoria_Lastra,MyBar_contains_Victoria_Lastra
MyBar,Fanny_Oliveras_Gutiérrez,MyBar_contains_Fanny_Oliveras_Gutiérrez
MyBar,Maximiano_Trillo_Pozuelo,MyBar_contains_Maximiano_Trillo_Pozuelo
MyBar,Luna_de_Batalla,MyBar_contains_Luna_de_Batalla
MyBar,Fabiana_Cordero,MyBar_contains_Fabiana_Cordero
MyBar,Eufemia_Sarmiento_Rojas,MyBar_contains_Eufemia_Sarmiento_Rojas
MyBar,Roberto_Niño_Montalbán,MyBar_contains_Roberto_Niño_Montalbán
MyBar,María_Cristina_Cabezas_Vilanova,MyBar_contains_María_Cristina_Cabezas_Vilanova
MyBar,Alma_Varela_Franco,MyBar_contains_Alma_Varela_Franco
MyBar,Adalberto_Lillo_Sebastián,MyBar_contains_Adalberto_Lillo_Sebastián
MyBar,Francisco_del_Carvajal,MyBar_contains_Francisco_del_Carvajal
MyBar,Benjamín_Evaristo_Valero_Esteve,MyBar_contains_Benjamín_Evaristo_Valero_Esteve
MyBar,Carina_Duran_Serrano,MyBar_contains_Carina_Duran_Serrano
MyBar,Fabricio_Gelabert_Gil,MyBar_contains_Fabricio_Gelabert_Gil
MyBar,Zoraida_Cobo_Batlle,MyBar_contains_Zoraida_Cobo_Batlle
MyBar,Ariel_Cisneros_Codina,MyBar_contains_Ariel_Cisneros_Codina
MyBar,Angelino_José_Ángel_Olmo_Hurtado,MyBar_contains_Angelino_José_Ángel_Olmo_Hurtado
MyBar,Ariadna_de_Galán,MyBar_contains_Ariadna_de_Galán
MyBar,Melania_Llano_Avilés,MyBar_contains_Melania_Llano_Avilés
MyBar,Nicodemo_Río_Elorza,MyBar_contains_Nicodemo_Río_Elorza
MyBar,Fátima_Frutos_Piñol,MyBar_contains_Fátima_Frutos_Piñol
MyBar,Luis_Cano_Aznar,MyBar_contains_Luis_Cano_Aznar
MyBar,Jovita_Rivero_Dueñas,MyBar_contains_Jovita_Rivero_Dueñas
MyBar,Luis_Ángel_Sanz_Perales,MyBar_contains_Luis_Ángel_Sanz_Perales
MyBar,Arsenio_Sabater_Abascal,MyBar_contains_Arsenio_Sabater_Abascal
MyBar,Rosalinda_Fanny_Lago_Albero,MyBar_contains_Rosalinda_Fanny_Lago_Albero
MyBar,Pastora_de_Andrés,MyBar_contains_Pastora_de_Andrés
MyBar,Viviana_de_Aragonés,MyBar_contains_Viviana_de_Aragonés
MyBar,Alexandra_Otero_Terrón,MyBar_contains_Alexandra_Otero_Terrón
MyBar,Albert_Manso,MyBar_contains_Albert_Manso
MyBar,Sergio_Canals_Verdejo,MyBar_contains_Sergio_Canals_Verdejo
MyBar,Narcisa_Barrera_Dominguez,MyBar_contains_Narcisa_Barrera_Dominguez
MyBar,Abel_Rivas,MyBar_contains_Abel_Rivas
MyBar,Adrián_Flores_Mateo,MyBar_contains_Adrián_Flores_Mateo
MyBar,Chus_Gutierrez_Rivera,MyBar_contains_Chus_Gutierrez_Rivera
MyBar,Leocadia_Alberto,MyBar_contains_Leocadia_Alberto
MyBar,Ana_Belén_del_Valbuena,MyBar_contains_Ana_Belén_del_Valbuena
MyBar,Godofredo_Vélez_Rosselló,MyBar_contains_Godofredo_Vélez_Rosselló
MyBar,Macaria_Anguita_Avilés,MyBar_contains_Macaria_Anguita_Avilés
MyBar,Fabricio_Cabezas-Peña,MyBar_contains_Fabricio_Cabezas-Peña
MyBar,Eufemia_Granados_Castells,MyBar_contains_Eufemia_Granados_Castells
MyBar,Palmira_Luisa_Olmedo_Cózar,MyBar_contains_Palmira_Luisa_Olmedo_Cózar
MyBar,Amarilis_Rocha_Ávila,MyBar_contains_Amarilis_Rocha_Ávila
MyBar,Baldomero_Bueno_Guitart,MyBar_contains_Baldomero_Bueno_Guitart
MyBar,Bartolomé_Giner_Pozuelo,MyBar_contains_Bartolomé_Giner_Pozuelo
MyBar,Leandra_Llorente_Estrada,MyBar_contains_Leandra_Llorente_Estrada
MyBar,Nicolás_Ávila-Uribe,MyBar_contains_Nicolás_Ávila-Uribe
MyBar,Adelina_Portero,MyBar_contains_Adelina_Portero
MyBar,Elodia_Amador_Clavero,MyBar_contains_Elodia_Amador_Clavero
MyBar,Américo_del_Serrano,MyBar_contains_Américo_del_Serrano
MyBar,Piedad_Aguado_Samper,MyBar_contains_Piedad_Aguado_Samper
MyBar,Loida_Alcázar,MyBar_contains_Loida_Alcázar
MyBar,Luciana_Escalona_Ros,MyBar_contains_Luciana_Escalona_Ros
MyBar,Iris_de_Espinosa,MyBar_contains_Iris_de_Espinosa
MyBar,Matías_Malo_Otero,MyBar_contains_Matías_Malo_Otero
MyBar,Teodosio_Ruiz_Martín,MyBar_contains_Teodosio_Ruiz_Martín
MyBar,Reyes_Jordá_Arjona,MyBar_contains_Reyes_Jordá_Arjona
MyBar,Eulalia_Caparrós-Linares,MyBar_contains_Eulalia_Caparrós-Linares
MyBar,Marianela_Casado,MyBar_contains_Marianela_Casado
MyBar,Fátima_Gilabert_Prada,MyBar_contains_Fátima_Gilabert_Prada
MyBar,Asunción_Paz_Corominas,MyBar_contains_Asunción_Paz_Corominas
MyBar,Salomón_del_Porta,MyBar_contains_Salomón_del_Porta
MyBar,Leticia_Débora_Álamo_Cordero,MyBar_contains_Leticia_Débora_Álamo_Cordero
MyBar,Inés_Santiago_Roma,MyBar_contains_Inés_Santiago_Roma
MyBar,Soledad_Galiano-Valero,MyBar_contains_Soledad_Galiano-Valero
MyBar,Dionisio_Cordero,MyBar_contains_Dionisio_Cordero
MyBar,Ofelia_Izquierdo-Ochoa,MyBar_contains_Ofelia_Izquierdo-Ochoa
MyBar,Modesto_Saez_Bello,MyBar_contains_Modesto_Saez_Bello
MyBar,Narcisa_Goicoechea_Echevarría,MyBar_contains_Narcisa_Goicoechea_Echevarría
MyBar,Sarita_Carpio-Rico,MyBar_contains_Sarita_Carpio-Rico
MyBar,Kike_Quero-Tamayo,MyBar_contains_Kike_Quero-Tamayo
MyBar,Irma_Vicens_Cuesta,MyBar_contains_Irma_Vicens_Cuesta
MyBar,Tomasa_Pedro_Roig,MyBar_contains_Tomasa_Pedro_Roig
MyBar,Ovidio_Vall,MyBar_contains_Ovidio_Vall
MyBar,Celestino_Avilés_Falcón,MyBar_contains_Celestino_Avilés_Falcón
MyBar,Teodosio_Barón_Belda,MyBar_contains_Teodosio_Barón_Belda
MyBar,Hermenegildo_Paredes_Heredia,MyBar_contains_Hermenegildo_Paredes_Heredia
MyBar,Edmundo_Batlle_Mulet,MyBar_contains_Edmundo_Batlle_Mulet
MyBar,Cándido_Cañas_Cabezas,MyBar_contains_Cándido_Cañas_Cabezas
MyBar,Cristian_Delgado_Nebot,MyBar_contains_Cristian_Delgado_Nebot
MyBar,Hilario_Perelló-Amores,MyBar_contains_Hilario_Perelló-Amores
